TN,TP,FN,FP,prog,complete,score,falseRate,entryClass,numIfs,numVars,numFuncs,numCalls,numLoops,numArrayTypes,numCompositeTypes,numFundamentalTypes,numLines,SSASwitchInstruction,SSAArrayLengthInstruction,SSAArrayLoadInstruction,SSAPutInstruction,SSAComparisonInstruction,SSAConditionalBranchInstruction,SSANewInstruction,SSAReturnInstruction,SSAGetInstruction,SSAGotoInstruction,SSALoadMetadataInstruction,SSAInstanceofInstruction,SSAArrayStoreInstruction,SSACheckCastInstruction,SSAGetCaughtExceptionInstruction,SSABinaryOpInstruction,SSAPhiInstruction,SSAUnaryOpInstruction,SSAConversionInstruction,SSAPiInstruction,SSAMonitorInstruction,SSAInvokeInstruction,SSAThrowInstruction
57,0,0,21,200,78,-222.0,26.9230769231,1,29,4,3,0,0,1,28,44,0,0,0,3,0,5,2,5,10,2,1,0,0,0,0,3,1,1,0,0,0,11,1
0,33,46,0,200,79,-1439.0,58.2278481013,0,11,2,5,0,0,2,9,11,1,0,0,2,0,2,0,0,0,0,6,0,0,0,0,0,0,0,0,0,0,0,0
73,0,0,1,200,74,130.0,1.35135135135,10,25,2,3,0,0,2,23,34,1,0,0,0,2,2,0,0,0,4,2,1,0,7,0,11,0,1,0,1,0,2,2
97,0,0,0,200,97,194.0,0.0,12,32,2,6,0,0,6,26,49,1,0,0,0,2,6,0,0,0,7,6,0,0,1,0,13,0,1,6,0,0,6,1
92,0,0,2,200,94,152.0,2.12765957447,0,25,4,2,0,0,1,24,33,0,0,0,1,0,4,2,4,6,3,1,0,0,0,0,1,1,0,0,0,0,10,1
0,13,44,0,200,57,-1395.0,77.1929824561,0,26,4,1,0,0,0,26,32,0,0,4,3,1,1,0,0,0,3,13,0,0,0,0,1,0,2,7,0,0,0,0
0,14,42,0,200,56,-1330.0,75.0,0,26,4,1,0,0,0,26,32,0,0,4,3,1,1,0,0,0,3,13,0,0,0,0,1,0,2,7,0,0,0,0
0,10,38,0,200,48,-1206.0,79.1666666667,0,26,4,1,0,0,0,26,32,0,0,4,3,1,1,0,0,0,3,13,0,0,0,0,1,0,2,7,0,0,0,0
0,24,49,0,200,73,-1544.0,67.1232876712,5,38,2,10,0,2,3,33,40,0,0,0,1,0,6,5,2,3,1,1,0,8,0,0,0,1,0,0,0,0,11,2
0,14,45,0,200,59,-1426.0,76.2711864407,0,26,4,1,0,0,0,26,32,0,0,4,3,1,1,0,0,0,3,13,0,0,0,0,1,0,2,7,0,0,0,0
0,18,43,0,200,61,-1358.0,70.4918032787,0,26,4,1,0,0,0,26,32,0,0,4,3,1,1,0,0,0,3,13,0,0,0,0,1,0,2,7,0,0,0,0
0,16,40,0,200,56,-1264.0,71.4285714286,0,26,4,1,0,0,0,26,32,0,0,4,3,1,1,0,0,0,3,13,0,0,0,0,1,0,2,7,0,0,0,0
0,9,41,0,200,50,-1303.0,82.0,0,26,4,1,0,0,0,26,32,0,0,4,3,1,1,0,0,0,3,13,0,0,0,0,1,0,2,7,0,0,0,0
0,14,43,0,200,57,-1362.0,75.4385964912,0,26,4,1,0,0,0,26,32,0,0,4,3,1,1,0,0,0,3,13,0,0,0,0,1,0,2,7,0,0,0,0
0,13,42,0,200,55,-1331.0,76.3636363636,0,26,4,1,0,0,0,26,32,0,0,4,3,1,1,0,0,0,3,13,0,0,0,0,1,0,2,7,0,0,0,0
93,0,0,2,200,95,154.0,2.10526315789,0,19,4,2,0,0,1,18,27,0,0,0,1,0,3,2,4,4,2,1,0,0,0,0,1,1,0,0,0,0,8,1
47,0,0,28,200,75,-354.0,37.3333333333,4,22,2,6,0,0,2,20,23,1,0,0,0,2,2,0,0,0,7,2,0,0,1,0,5,0,1,0,0,0,2,1
0,32,45,0,200,77,-1408.0,58.4415584416,2,14,2,4,0,0,1,13,16,1,0,0,0,2,1,0,0,0,5,1,0,0,1,0,3,0,1,0,0,0,1,1
75,0,0,0,200,75,150.0,0.0,4,12,4,3,0,0,1,11,34,10,1,0,6,9,0,0,1,1,1,0,1,3,0,1,0,0,0,0,0,0,1,0
0,35,40,0,200,75,-1245.0,53.3333333333,0,18,4,3,0,0,1,17,28,0,0,0,1,1,3,2,4,3,2,1,0,0,0,0,1,1,0,1,0,0,8,1
106,0,0,0,200,106,212.0,0.0,2,9,2,2,0,0,2,7,17,2,0,0,0,2,2,0,0,0,3,2,0,0,1,0,3,0,1,0,0,0,1,1
78,0,0,2,200,80,124.0,2.5,1,14,2,5,0,0,2,12,14,1,0,1,2,0,3,0,0,0,0,6,0,0,0,0,0,0,0,1,0,0,0,0
91,0,0,0,200,91,182.0,0.0,40,96,2,20,0,0,20,76,142,1,0,0,0,2,20,0,0,0,21,20,0,0,1,0,41,0,1,15,0,0,20,1
43,0,0,14,200,57,-138.0,24.5614035088,12,50,2,6,3,1,3,46,54,1,0,0,3,2,3,0,4,3,7,4,6,0,4,0,13,0,1,0,0,0,3,10
0,24,50,0,200,74,-1576.0,67.5675675676,4,28,2,6,1,1,1,26,30,1,0,0,1,2,1,0,4,1,7,2,2,0,2,0,5,0,1,0,0,0,1,4
0,27,50,0,200,77,-1573.0,64.9350649351,4,28,2,6,1,1,1,26,30,1,0,0,1,2,1,0,4,1,7,2,2,0,2,0,5,0,1,0,0,0,1,4
80,0,0,2,200,82,128.0,2.43902439024,2,18,4,3,0,0,1,17,32,0,0,0,1,3,5,2,4,3,2,1,0,0,0,0,1,1,0,1,0,0,8,1
90,0,0,0,200,90,180.0,0.0,3,8,2,2,0,0,1,7,17,1,0,0,0,4,1,0,0,0,3,1,0,0,1,0,4,0,1,0,0,0,1,1
50,0,0,6,200,56,4.0,10.7142857143,1,20,4,6,0,1,1,18,37,1,2,1,2,0,0,1,0,1,5,0,5,13,0,0,0,0,2,1,0,3,2,0
84,0,0,0,200,84,168.0,0.0,3,12,3,3,0,0,1,11,20,1,0,0,1,0,3,1,0,3,1,4,0,0,0,0,0,0,0,5,1,3,0,0
65,0,0,29,200,94,-334.0,30.8510638298,4,12,2,2,0,0,2,10,22,2,0,0,0,2,4,0,0,0,3,2,0,0,1,0,5,0,1,0,0,0,2,1
44,0,0,0,200,44,88.0,0.0,11,18,6,6,0,0,1,17,73,23,1,1,1,0,0,15,0,21,0,1,0,0,3,0,0,0,5,0,1,1,1,0
47,0,0,31,200,78,-402.0,39.7435897436,2,11,2,3,0,0,1,10,15,3,1,1,1,0,0,4,0,2,0,1,0,0,0,0,0,0,0,0,1,1,1,0
0,31,43,0,200,74,-1345.0,58.1081081081,1,27,4,3,0,0,1,26,41,0,0,0,2,0,5,2,5,8,3,1,0,0,0,0,2,1,1,0,0,0,11,1
66,0,0,12,200,78,-60.0,15.3846153846,6,18,2,5,0,0,2,16,27,1,0,0,0,3,2,0,0,0,6,2,1,0,1,0,7,1,1,0,0,0,2,1
0,35,45,0,200,80,-1405.0,56.25,1,18,4,3,0,0,1,17,30,0,0,0,1,2,4,2,4,3,2,1,0,0,0,0,1,1,0,1,0,0,8,1
76,0,0,1,200,77,136.0,1.2987012987,6,26,2,3,0,0,2,24,37,1,0,0,0,2,2,0,0,0,4,2,1,0,14,0,7,0,1,0,1,0,2,2
0,35,41,0,200,76,-1277.0,53.9473684211,2,14,2,5,0,0,1,13,17,0,0,0,1,0,3,1,2,1,1,1,0,0,0,0,0,1,0,0,0,0,6,1
73,0,0,7,200,80,34.0,8.75,0,16,4,2,0,1,1,14,30,0,0,1,2,0,3,3,4,5,2,1,0,1,0,0,0,1,0,0,0,0,7,1
101,0,0,0,200,101,202.0,0.0,2,10,2,1,0,0,1,9,15,1,0,0,0,2,1,0,0,0,2,1,1,0,1,0,3,1,1,0,0,0,1,1
0,36,43,0,200,79,-1340.0,54.4303797468,0,19,4,3,0,0,1,18,28,0,0,0,1,1,3,2,4,3,2,1,0,0,0,0,2,1,0,0,0,0,8,1
0,9,46,0,200,55,-1463.0,83.6363636364,0,26,4,1,0,0,0,26,32,0,0,4,3,1,1,0,0,0,3,13,0,0,0,0,1,0,2,7,0,0,0,0
65,0,0,4,200,69,66.0,5.79710144928,5,17,2,3,2,1,2,14,27,1,0,0,0,3,1,0,1,1,4,3,2,0,3,0,6,0,1,0,0,0,1,3
0,38,42,0,200,80,-1306.0,52.5,0,12,3,2,0,0,0,12,21,3,1,0,6,3,0,0,2,3,1,0,1,0,0,1,0,0,0,0,0,0,1,0
77,0,0,3,200,80,106.0,3.75,1,17,3,2,0,0,0,17,26,4,1,0,7,3,1,0,2,4,1,0,1,1,0,1,0,0,0,0,0,0,1,0
93,0,0,3,200,96,138.0,3.125,0,25,4,2,0,0,1,24,34,0,0,0,2,0,4,2,4,7,2,1,0,0,0,0,1,1,0,0,0,0,10,1
109,0,0,0,200,109,218.0,0.0,12,22,2,6,0,0,6,16,43,1,0,0,0,2,6,0,0,0,7,6,0,0,1,0,13,0,1,0,0,0,6,1
0,15,38,0,200,53,-1201.0,71.6981132075,0,26,4,1,0,0,0,26,32,0,0,4,3,1,1,0,0,0,3,13,0,0,0,0,1,0,2,7,0,0,0,0
93,0,0,2,200,95,154.0,2.10526315789,0,27,4,2,0,0,1,26,36,0,0,0,2,0,4,2,4,7,3,1,0,0,0,0,2,1,0,0,0,0,10,1
0,9,45,0,200,54,-1431.0,83.3333333333,0,26,4,1,0,0,0,26,32,0,0,4,3,1,1,0,0,0,3,13,0,0,0,0,1,0,2,7,0,0,0,0
0,9,47,0,200,56,-1495.0,83.9285714286,0,26,4,1,0,0,0,26,32,0,0,4,3,1,1,0,0,0,3,13,0,0,0,0,1,0,2,7,0,0,0,0
0,9,45,0,200,54,-1431.0,83.3333333333,0,26,4,1,0,0,0,26,32,0,0,4,3,1,1,0,0,0,3,13,0,0,0,0,1,0,2,7,0,0,0,0
0,13,42,0,200,55,-1331.0,76.3636363636,0,26,4,1,0,0,0,26,32,0,0,4,3,1,1,0,0,0,3,13,0,0,0,0,1,0,2,7,0,0,0,0
0,9,45,0,200,54,-1431.0,83.3333333333,0,26,4,1,0,0,0,26,32,0,0,4,3,1,1,0,0,0,3,13,0,0,0,0,1,0,2,7,0,0,0,0
0,5,46,0,200,51,-1467.0,90.1960784314,0,26,4,1,0,0,0,26,32,0,0,4,3,1,1,0,0,0,3,13,0,0,0,0,1,0,2,7,0,0,0,0
66,0,0,24,200,90,-252.0,26.6666666667,0,28,4,2,0,0,1,27,37,0,0,0,2,0,4,2,4,8,2,1,0,0,0,0,3,1,0,0,0,0,10,1
46,0,0,0,200,46,92.0,0.0,8,14,3,4,0,0,1,13,37,1,0,2,1,0,9,1,0,1,1,7,0,0,0,0,0,0,0,13,1,1,0,0
0,10,45,0,200,55,-1430.0,81.8181818182,0,26,4,1,0,0,0,26,32,0,0,4,3,1,1,0,0,0,3,13,0,0,0,0,1,0,2,7,0,0,0,0
87,0,0,0,200,87,174.0,0.0,2,7,2,1,0,0,1,6,15,1,0,0,0,2,3,0,0,0,2,1,0,0,1,0,3,0,1,0,0,0,1,1
78,0,0,2,200,80,124.0,2.5,1,39,4,3,0,0,1,38,50,0,0,0,1,3,5,2,4,6,4,1,0,0,0,0,9,2,2,1,0,0,11,1
92,0,0,2,200,94,152.0,2.12765957447,1,26,4,3,0,0,1,25,39,0,0,0,2,0,5,2,5,7,2,1,0,0,0,0,2,1,1,0,0,0,11,1
0,11,38,0,200,49,-1205.0,77.5510204082,8,15,3,4,0,0,1,14,36,1,0,4,1,0,7,1,0,1,1,8,0,0,0,0,0,0,0,11,1,1,0,0
0,13,43,0,200,56,-1363.0,76.7857142857,0,26,4,1,0,0,0,26,32,0,0,4,3,1,1,0,0,0,3,13,0,0,0,0,1,0,2,7,0,0,0,0
98,0,0,0,200,98,196.0,0.0,4,16,5,5,0,0,2,14,47,0,0,0,1,1,7,3,6,3,1,1,0,0,0,0,12,1,2,0,0,0,7,3
96,0,0,0,200,96,192.0,0.0,4,38,2,2,0,0,2,36,36,1,0,2,0,2,2,0,0,0,3,2,14,0,1,0,5,0,1,1,0,0,2,1
71,0,0,10,200,81,-18.0,12.3456790123,3,9,2,2,0,1,1,7,18,1,0,0,1,3,1,0,0,0,3,2,0,0,1,0,4,0,1,0,0,0,1,1
0,31,42,0,200,73,-1313.0,57.5342465753,0,15,4,3,0,0,1,14,22,4,0,1,1,1,0,8,2,1,0,3,0,0,1,0,0,0,0,0,0,0,1,0
0,40,46,0,200,86,-1432.0,53.488372093,0,26,4,3,0,0,1,25,37,0,0,0,2,0,4,2,4,7,3,1,0,0,0,0,1,1,1,0,0,0,11,1
0,20,58,0,200,78,-1836.0,74.358974359,3,24,3,8,1,0,3,21,30,2,1,0,0,3,4,3,0,0,1,0,0,0,1,0,1,2,0,4,0,1,10,0
0,45,42,0,200,87,-1299.0,48.275862069,0,16,4,2,0,0,1,15,26,0,0,0,1,0,3,2,4,3,2,1,0,0,0,0,1,1,0,1,0,0,7,1
0,33,44,0,200,77,-1375.0,57.1428571429,1,27,4,3,0,0,1,26,40,0,0,0,2,0,5,2,5,9,2,1,0,0,0,0,2,1,0,0,0,0,11,1
0,33,44,0,200,77,-1375.0,57.1428571429,0,27,4,3,0,0,1,26,38,0,0,0,2,0,4,2,4,8,3,1,0,0,0,0,2,1,0,0,0,0,11,1
0,36,62,0,200,98,-1948.0,63.2653061224,1,8,2,1,0,1,1,6,14,1,0,0,0,2,1,0,0,0,2,2,0,1,2,0,2,0,1,0,0,0,1,1
99,0,0,0,200,99,198.0,0.0,9,30,2,3,0,0,3,27,44,1,0,0,0,2,3,0,0,0,4,3,3,0,1,0,10,10,1,3,0,0,3,1
0,36,62,0,200,98,-1948.0,63.2653061224,1,8,2,1,0,1,1,6,14,1,0,0,0,2,1,0,0,0,2,2,0,1,2,0,2,0,1,0,0,0,1,1
104,0,0,0,200,104,208.0,0.0,0,6,2,0,0,0,0,6,9,1,0,0,0,2,0,0,0,0,1,0,1,0,2,0,1,0,1,0,0,0,0,1
0,27,60,0,200,87,-1893.0,68.9655172414,1,10,2,2,0,0,1,9,15,1,0,0,0,2,1,0,0,0,3,1,1,1,2,0,2,0,1,0,0,0,1,1
0,28,60,0,200,88,-1892.0,68.1818181818,1,10,2,2,0,0,1,9,15,1,0,0,0,2,1,0,0,0,3,1,1,1,2,0,2,0,1,0,0,0,1,1
72,0,0,0,200,72,144.0,0.0,0,9,1,4,0,0,2,7,11,1,0,0,0,0,0,0,3,0,0,0,0,0,4,0,0,0,0,0,2,1,0,0
0,32,45,0,200,77,-1408.0,58.4415584416,0,16,4,3,0,0,1,15,29,0,0,0,1,0,5,2,4,5,2,1,0,0,0,0,0,1,0,0,0,0,8,1
0,34,45,0,200,79,-1406.0,56.9620253165,2,29,4,4,0,0,1,28,49,0,0,0,1,0,7,3,6,7,3,1,0,0,0,0,6,1,0,0,0,0,13,2
0,31,46,0,200,77,-1441.0,59.7402597403,2,27,4,4,0,0,1,26,48,0,0,0,3,0,6,2,6,10,3,1,0,0,0,0,4,1,0,0,0,0,12,1
52,0,0,0,200,52,104.0,0.0,4,16,4,4,0,0,1,15,39,8,1,0,8,7,0,0,1,3,3,0,1,6,0,1,0,0,0,0,0,0,1,0
0,36,43,0,200,79,-1340.0,54.4303797468,0,27,4,4,0,0,1,26,35,0,0,0,1,0,4,2,4,6,2,1,0,0,0,0,2,1,0,0,0,0,12,1
68,0,0,16,200,84,-120.0,19.0476190476,3,12,2,2,0,1,1,10,20,2,0,0,0,3,2,0,0,1,3,2,0,0,1,0,4,0,1,0,0,0,1,1
0,39,44,0,200,83,-1369.0,53.0120481928,2,16,2,6,0,0,2,14,19,0,7,2,0,0,1,3,0,0,0,1,1,0,1,0,0,0,0,0,1,0,1,2
0,9,58,0,200,67,-1847.0,86.5671641791,3,26,2,8,1,1,2,23,29,0,0,4,0,2,1,0,2,0,1,0,1,1,2,3,3,1,9,0,2,0,0,0
0,34,49,0,200,83,-1534.0,59.0361445783,2,19,2,7,0,0,2,17,20,0,0,0,1,0,3,2,2,1,1,1,0,0,0,0,0,1,0,0,0,0,8,1
0,39,48,0,200,87,-1497.0,55.1724137931,2,14,2,5,0,0,2,12,18,1,0,0,2,0,2,1,0,1,1,6,0,0,0,0,0,0,0,3,1,1,0,0
0,26,74,0,200,100,-2342.0,74.0,2,14,2,5,0,0,2,12,18,0,0,0,1,0,3,2,2,1,1,1,0,0,0,0,0,1,0,0,0,0,6,1
41,0,0,32,200,73,-430.0,43.8356164384,11,63,2,22,1,1,6,56,63,1,0,0,1,0,1,5,0,1,2,0,12,23,0,0,0,0,6,3,0,7,2,2
0,35,38,0,200,73,-1181.0,52.0547945205,0,29,4,4,0,0,1,28,40,0,0,0,2,0,4,2,4,8,3,1,0,0,0,0,2,1,1,0,0,0,12,1
74,0,0,4,200,78,84.0,5.12820512821,3,16,4,4,0,0,2,14,36,0,0,0,1,0,10,2,4,2,4,1,0,0,0,0,3,4,1,0,0,0,7,1
0,36,49,0,200,85,-1532.0,57.6470588235,2,11,2,4,0,0,2,9,17,1,0,0,2,0,2,1,0,1,1,5,0,0,0,0,0,0,0,3,1,1,0,0
47,0,0,29,200,76,-370.0,38.1578947368,7,29,2,11,0,0,6,23,38,8,6,1,3,0,0,12,0,3,0,1,0,0,0,0,0,0,0,0,1,3,1,0
92,0,0,2,200,94,152.0,2.12765957447,0,27,4,2,0,0,1,26,34,0,0,0,1,0,4,2,4,6,3,1,0,0,0,0,2,1,0,0,0,0,10,1
0,32,66,0,200,98,-2080.0,67.3469387755,1,8,2,2,0,0,2,6,15,1,0,0,0,2,1,0,0,0,3,2,0,1,1,0,2,0,1,0,0,0,2,1
46,0,0,3,200,49,44.0,6.12244897959,4,13,3,3,0,0,1,12,29,1,0,3,1,0,7,1,0,1,1,6,0,0,0,0,0,0,0,7,1,1,0,0
39,0,0,22,200,61,-274.0,36.0655737705,17,81,3,25,1,1,8,72,99,12,0,1,0,0,4,22,30,3,3,3,0,0,1,0,0,1,11,1,2,9,0,0
0,18,35,0,200,53,-1102.0,66.0377358491,3,24,2,6,1,1,1,22,24,1,0,0,0,2,1,0,0,0,7,2,3,0,2,0,4,0,1,0,0,0,1,3
0,33,41,0,200,74,-1279.0,55.4054054054,2,10,2,3,0,0,1,9,15,1,0,0,0,2,1,0,0,0,4,1,0,0,1,0,3,0,1,0,0,0,1,1
39,0,0,24,200,63,-306.0,38.0952380952,8,54,2,14,2,2,3,49,53,1,9,0,5,0,0,5,0,6,1,0,3,0,15,1,0,3,1,1,5,0,0,2
77,0,0,1,200,78,138.0,1.28205128205,2,12,3,2,0,0,1,11,25,1,0,3,1,0,6,1,0,1,1,5,0,0,0,0,0,0,0,5,1,1,0,0
96,0,0,2,200,98,160.0,2.04081632653,0,29,4,2,0,0,1,28,39,0,0,0,1,0,5,3,4,7,3,1,0,0,0,0,2,1,0,0,0,0,11,2
74,0,0,14,200,88,-76.0,15.9090909091,6,31,3,7,2,0,3,28,51,12,0,3,3,0,3,1,0,6,1,11,0,0,0,0,0,0,0,10,1,10,0,0
85,0,0,16,200,101,-86.0,15.8415841584,4,13,2,3,0,0,3,10,25,1,2,0,0,3,2,0,0,0,4,3,0,1,1,0,5,0,1,0,0,0,3,1
47,0,0,0,200,47,94.0,0.0,3,12,3,3,0,0,1,11,23,1,0,2,1,0,4,1,0,1,1,6,0,0,0,0,0,0,0,5,1,1,0,0
46,0,0,33,200,79,-436.0,41.7721518987,5,18,2,6,0,0,2,16,24,2,0,0,2,0,2,2,0,1,1,7,0,0,0,0,0,0,0,6,1,1,0,0
0,19,44,0,200,63,-1389.0,69.8412698413,0,26,4,1,0,0,0,26,32,0,0,4,3,1,1,0,0,0,3,13,0,0,0,0,1,0,2,7,0,0,0,0
0,9,39,0,200,48,-1239.0,81.25,0,26,4,1,0,0,0,26,32,0,0,4,3,1,1,0,0,0,3,13,0,0,0,0,1,0,2,7,0,0,0,0
0,9,42,0,200,51,-1335.0,82.3529411765,0,26,4,1,0,0,0,26,32,0,0,4,3,1,1,0,0,0,3,13,0,0,0,0,1,0,2,7,0,0,0,0
0,18,43,0,200,61,-1358.0,70.4918032787,0,26,4,1,0,0,0,26,32,0,0,4,3,1,1,0,0,0,3,13,0,0,0,0,1,0,2,7,0,0,0,0
0,19,43,0,200,62,-1357.0,69.3548387097,0,26,4,1,0,0,0,26,32,0,0,4,3,1,1,0,0,0,3,13,0,0,0,0,1,0,2,7,0,0,0,0
0,13,44,0,200,57,-1395.0,77.1929824561,0,26,4,1,0,0,0,26,32,0,0,4,3,1,1,0,0,0,3,13,0,0,0,0,1,0,2,7,0,0,0,0
0,13,42,0,200,55,-1331.0,76.3636363636,0,26,4,1,0,0,0,26,32,0,0,4,3,1,1,0,0,0,3,13,0,0,0,0,1,0,2,7,0,0,0,0
0,15,43,0,200,58,-1361.0,74.1379310345,0,26,4,1,0,0,0,26,32,0,0,4,3,1,1,0,0,0,3,13,0,0,0,0,1,0,2,7,0,0,0,0
0,12,48,0,200,60,-1524.0,80.0,0,26,4,1,0,0,0,26,32,0,0,4,3,1,1,0,0,0,3,13,0,0,0,0,1,0,2,7,0,0,0,0
0,42,45,0,200,87,-1398.0,51.724137931,0,19,4,2,0,0,1,18,27,0,0,0,1,0,3,2,4,4,2,1,0,0,0,0,1,1,0,0,0,0,8,1
0,32,43,0,200,75,-1344.0,57.3333333333,2,13,2,4,0,0,1,12,16,1,0,0,0,2,1,0,0,0,5,1,0,0,1,0,3,0,1,0,0,0,1,1
88,0,0,7,200,95,64.0,7.36842105263,2,7,2,1,0,0,1,6,15,1,1,0,0,2,2,0,0,0,2,1,0,0,1,0,3,0,1,0,0,0,1,1
84,0,0,0,200,84,168.0,0.0,2,7,2,1,0,0,1,6,14,1,1,0,0,2,1,0,0,0,2,1,0,0,1,0,3,0,1,0,0,0,1,1
84,0,0,0,200,84,168.0,0.0,2,7,2,1,0,0,1,6,14,1,1,0,0,2,1,0,0,0,2,1,0,0,1,0,3,0,1,0,0,0,1,1
86,0,0,0,200,86,172.0,0.0,4,19,2,4,0,1,4,14,30,1,2,0,0,2,2,0,2,2,5,5,0,0,1,0,5,0,1,0,0,0,2,1
86,0,0,0,200,86,172.0,0.0,4,19,2,4,0,1,4,14,30,1,2,0,0,2,2,0,2,2,5,5,0,0,1,0,5,0,1,0,0,0,2,1
100,0,0,0,200,100,200.0,0.0,2,7,2,1,0,0,1,6,14,1,1,0,0,2,1,0,0,0,2,1,0,0,1,0,3,0,1,0,0,0,1,1
100,0,0,0,200,100,200.0,0.0,2,8,2,2,0,0,2,6,16,1,1,0,0,2,1,0,0,0,3,2,0,0,1,0,3,0,1,0,0,0,1,1
91,0,0,0,200,91,182.0,0.0,4,17,3,5,0,0,3,14,27,2,0,0,3,0,4,2,0,1,1,6,0,0,0,0,0,0,0,6,1,1,0,1
0,35,48,0,200,83,-1501.0,57.8313253012,1,9,3,3,0,0,2,7,25,2,0,0,4,0,3,3,0,2,1,6,0,0,0,0,0,2,0,3,1,1,0,0
0,32,45,0,200,77,-1408.0,58.4415584416,2,14,3,3,0,0,2,12,33,4,0,0,5,0,3,4,0,2,1,7,0,0,0,0,0,2,0,6,1,1,0,0
0,32,41,0,200,73,-1280.0,56.1643835616,1,9,2,3,0,0,2,7,16,1,0,0,0,2,1,0,0,0,4,2,0,1,2,0,2,0,1,0,0,0,1,1
0,34,47,0,200,81,-1470.0,58.024691358,1,9,2,3,0,0,2,7,16,1,0,0,0,2,1,0,0,0,4,2,0,1,2,0,2,0,1,0,0,0,1,1
87,0,0,0,200,87,174.0,0.0,3,18,2,5,0,0,5,13,29,1,0,0,0,2,3,0,0,0,6,5,0,3,4,0,4,0,1,0,0,0,3,1
97,0,0,0,200,97,194.0,0.0,1,13,4,4,0,0,2,11,19,4,1,0,5,2,0,0,2,1,1,0,1,0,0,1,0,0,0,0,1,0,2,0
0,32,52,0,200,84,-1632.0,61.9047619048,1,12,2,3,0,0,2,10,18,1,0,0,0,2,1,0,0,0,4,2,1,1,2,0,2,0,1,0,0,0,2,1
88,0,0,0,200,88,176.0,0.0,2,11,3,3,0,0,2,9,23,2,0,0,3,0,2,3,0,3,1,5,0,0,0,0,0,2,0,3,1,1,0,0
0,27,37,0,200,64,-1157.0,57.8125,2,9,2,3,0,0,1,8,15,1,0,0,0,2,1,0,0,0,4,1,0,0,1,0,3,0,1,0,0,0,1,1
0,28,37,0,200,65,-1156.0,56.9230769231,5,52,2,18,0,2,3,47,47,0,6,2,0,1,0,1,2,1,0,0,1,0,5,0,0,2,19,1,0,0,1,6
53,0,0,11,200,64,-70.0,17.1875,3,24,2,9,0,0,1,23,26,0,1,1,0,0,0,3,0,4,1,0,0,0,0,2,1,0,0,0,0,1,3,10
57,0,0,8,200,65,-14.0,12.3076923077,18,50,2,19,0,0,9,41,71,0,0,0,0,1,0,0,0,19,0,9,0,2,0,1,9,20,0,1,0,1,0,9
0,27,37,0,200,64,-1157.0,57.8125,3,16,2,6,0,0,1,15,20,1,0,0,0,3,1,0,0,0,7,1,0,0,1,0,4,0,1,0,0,0,1,1
0,27,37,0,200,64,-1157.0,57.8125,3,14,2,5,0,0,1,13,19,3,1,0,6,4,0,0,1,1,1,0,1,0,0,1,0,0,0,0,0,0,1,0
39,0,0,28,200,67,-370.0,41.7910447761,18,94,2,27,0,1,9,84,88,28,0,1,1,8,2,9,0,1,9,0,0,10,0,0,0,19,1,0,0,0,0,0
0,30,40,0,200,70,-1250.0,57.1428571429,2,46,2,12,0,2,1,43,43,1,0,0,3,0,2,1,8,1,1,13,9,0,0,0,0,0,0,3,1,1,0,0
0,31,40,0,200,71,-1249.0,56.338028169,2,37,2,12,0,1,1,35,33,2,1,8,13,3,0,0,1,1,1,0,1,0,0,1,0,0,0,0,0,0,2,0
0,31,42,0,200,73,-1313.0,57.5342465753,3,20,2,6,0,1,1,18,24,1,0,0,2,0,3,1,2,1,1,7,1,0,0,0,0,0,0,4,1,1,0,0
0,35,42,0,200,77,-1309.0,54.5454545455,2,12,2,4,0,0,1,11,16,1,0,0,1,0,2,1,0,1,1,5,0,0,0,0,0,0,0,3,1,1,0,0
0,38,41,0,200,79,-1274.0,51.8987341772,2,20,2,6,0,1,1,18,21,7,0,3,0,0,2,0,0,1,1,0,0,1,2,0,0,1,0,0,0,1,1,2
0,39,44,0,200,83,-1369.0,53.0120481928,2,12,2,4,0,0,1,11,16,2,1,0,5,3,0,0,1,1,1,0,1,0,0,1,0,0,0,0,0,0,1,0
0,31,40,0,200,71,-1249.0,56.338028169,0,24,4,4,0,0,1,23,34,0,0,0,1,0,4,2,4,6,3,1,0,0,0,0,0,1,0,0,0,0,12,1
86,0,0,0,200,86,172.0,0.0,3,8,2,2,0,0,1,7,15,1,0,0,0,2,1,0,0,0,3,1,0,0,1,0,4,0,1,0,0,0,1,1
0,40,46,0,200,86,-1432.0,53.488372093,0,25,4,2,0,0,1,24,34,0,0,0,2,0,4,2,4,7,2,1,0,0,0,0,1,1,0,0,0,0,10,1
0,9,44,0,200,53,-1399.0,83.0188679245,0,26,4,1,0,0,0,26,32,0,0,4,3,1,1,0,0,0,3,13,0,0,0,0,1,0,2,7,0,0,0,0
0,29,48,0,200,77,-1507.0,62.3376623377,3,10,2,2,0,0,1,9,15,2,1,0,3,4,0,0,1,1,1,0,1,0,0,1,0,0,0,0,0,0,1,0
0,4,45,0,200,49,-1436.0,91.8367346939,3,12,3,3,0,0,1,11,27,1,0,3,1,0,6,1,0,1,1,6,0,0,0,0,0,0,0,6,1,1,0,0
0,32,43,0,200,75,-1344.0,57.3333333333,2,16,2,4,0,1,1,14,19,5,0,3,0,0,2,0,0,1,1,0,0,1,2,0,0,1,0,0,0,1,1,2
0,31,41,0,200,72,-1281.0,56.9444444444,4,33,2,10,0,2,2,29,33,11,0,5,0,0,2,0,0,1,2,0,0,1,4,0,0,2,0,0,0,1,1,4
0,26,38,0,200,64,-1190.0,59.375,4,32,2,10,0,1,3,28,35,1,0,0,0,2,2,0,2,4,11,4,0,0,1,0,5,0,1,0,0,0,2,1
37,0,0,24,200,61,-310.0,39.3442622951,8,46,2,15,0,1,5,40,53,1,0,0,0,2,4,0,2,7,16,6,0,0,1,0,9,0,1,0,0,0,4,1
98,0,0,2,200,100,164.0,2.0,0,27,4,2,0,0,1,26,33,0,0,0,1,0,4,2,4,6,2,1,0,0,0,0,2,1,0,0,0,0,10,1
0,40,46,0,200,86,-1432.0,53.488372093,0,20,4,2,0,0,1,19,30,0,0,0,2,0,4,2,4,4,2,1,0,0,0,0,2,1,0,0,0,0,8,1
94,0,0,0,200,94,188.0,0.0,6,23,5,7,0,0,4,19,33,0,0,0,1,0,7,4,5,3,1,1,0,0,0,0,0,1,0,0,0,0,8,3
94,0,0,0,200,94,188.0,0.0,2,9,3,2,0,0,1,8,16,1,0,0,1,0,3,1,0,1,1,3,0,0,0,0,0,0,0,3,2,1,0,0
88,0,0,0,200,88,176.0,0.0,2,9,3,2,0,0,1,8,20,1,0,2,1,0,4,1,0,1,1,4,0,0,0,0,0,0,0,4,1,1,0,0
0,21,46,0,200,67,-1451.0,68.6567164179,2,82,2,25,0,1,2,79,51,0,0,0,3,2,1,0,0,3,12,0,0,1,1,0,1,0,1,0,0,26,1,0
0,17,50,0,200,67,-1583.0,74.6268656716,2,86,2,27,0,1,2,83,53,1,0,0,0,0,1,0,0,0,0,2,1,0,0,1,0,28,0,1,12,3,3,1
0,36,43,0,200,79,-1340.0,54.4303797468,0,12,5,4,0,0,0,12,26,0,0,3,3,0,0,5,0,0,0,2,2,0,0,1,0,1,0,1,0,9,0,1
44,0,0,22,200,66,-264.0,33.3333333333,4,92,2,28,0,1,3,88,59,1,0,0,0,0,1,0,0,0,0,2,2,0,0,1,0,29,0,1,12,5,4,2
95,0,0,2,200,97,158.0,2.0618556701,0,28,4,2,0,0,1,27,38,0,0,0,1,0,5,3,4,7,3,1,0,0,0,0,1,1,0,0,0,0,11,2
0,39,46,0,200,85,-1433.0,54.1176470588,2,12,2,4,0,0,2,10,17,0,0,0,1,0,3,2,2,1,1,1,0,0,0,0,0,1,0,0,0,0,5,1
0,41,45,0,200,86,-1399.0,52.3255813953,2,12,2,4,0,0,2,10,17,0,0,0,1,0,3,2,2,1,1,1,0,0,0,0,0,1,0,0,0,0,5,1
0,39,48,0,200,87,-1497.0,55.1724137931,2,14,2,5,0,0,2,12,18,1,0,0,2,0,2,1,0,1,1,6,0,0,0,0,0,0,0,3,1,1,0,0
42,0,0,37,200,79,-508.0,46.835443038,12,47,2,17,0,0,7,40,55,1,6,0,0,0,0,0,18,1,0,1,7,0,1,0,2,0,6,0,13,0,0,0
75,0,0,2,200,77,118.0,2.5974025974,1,18,4,3,0,0,1,17,33,0,0,0,1,1,4,2,4,3,3,1,0,0,0,0,3,2,1,1,0,0,8,1
0,35,43,0,200,78,-1341.0,55.1282051282,0,11,3,2,0,0,0,11,19,1,0,2,1,0,4,1,0,1,1,4,0,0,0,0,0,0,0,3,1,1,0,0
103,0,0,0,200,103,206.0,0.0,2,8,2,2,0,0,1,7,14,1,0,0,0,2,1,0,0,0,3,1,0,0,1,0,3,0,1,0,0,0,1,1
0,14,38,0,200,52,-1202.0,73.0769230769,0,26,4,1,0,0,0,26,32,0,0,4,3,1,1,0,0,0,3,13,0,0,0,0,1,0,2,7,0,0,0,0
0,14,43,0,200,57,-1362.0,75.4385964912,0,26,4,1,0,0,0,26,32,0,0,4,3,1,1,0,0,0,3,13,0,0,0,0,1,0,2,7,0,0,0,0
0,14,43,0,200,57,-1362.0,75.4385964912,0,26,4,1,0,0,0,26,32,0,0,4,3,1,1,0,0,0,3,13,0,0,0,0,1,0,2,7,0,0,0,0
94,0,0,3,200,97,140.0,3.09278350515,0,30,4,2,0,0,1,29,38,0,0,0,2,0,4,2,4,8,3,1,0,0,0,0,3,1,0,0,0,0,10,1
47,0,0,8,200,55,-34.0,14.5454545455,0,26,4,1,0,0,0,26,32,0,0,4,3,1,1,0,0,0,3,13,0,0,0,0,1,0,2,7,0,0,0,0
0,13,40,0,200,53,-1267.0,75.4716981132,0,26,4,1,0,0,0,26,32,0,0,4,3,1,1,0,0,0,3,13,0,0,0,0,1,0,2,7,0,0,0,0
0,13,40,0,200,53,-1267.0,75.4716981132,0,26,4,1,0,0,0,26,32,0,0,4,3,1,1,0,0,0,3,13,0,0,0,0,1,0,2,7,0,0,0,0
0,13,40,0,200,53,-1267.0,75.4716981132,0,26,4,1,0,0,0,26,32,0,0,4,3,1,1,0,0,0,3,13,0,0,0,0,1,0,2,7,0,0,0,0
42,0,0,9,200,51,-60.0,17.6470588235,0,26,4,1,0,0,0,26,32,0,0,4,3,1,1,0,0,0,3,13,0,0,0,0,1,0,2,7,0,0,0,0
45,0,0,8,200,53,-38.0,15.0943396226,0,26,4,1,0,0,0,26,32,0,0,4,3,1,1,0,0,0,3,13,0,0,0,0,1,0,2,7,0,0,0,0
0,36,43,0,200,79,-1340.0,54.4303797468,0,29,4,4,0,0,1,28,37,0,0,0,1,0,4,2,4,6,3,1,0,0,0,0,3,1,0,0,0,0,12,1
0,35,41,0,200,76,-1277.0,53.9473684211,2,14,2,5,0,0,1,13,17,0,0,0,1,0,3,1,2,1,1,1,0,0,0,0,0,1,0,0,0,0,6,1
51,0,0,25,200,76,-298.0,32.8947368421,10,30,2,7,0,0,7,23,46,1,0,0,0,2,10,0,0,0,8,7,0,0,1,0,11,0,1,0,0,0,5,1
90,0,0,2,200,92,148.0,2.17391304348,1,27,4,3,0,0,1,26,39,0,0,0,2,0,5,2,4,7,3,1,0,0,0,0,2,1,1,0,0,0,11,1
0,40,62,0,200,102,-1944.0,60.7843137255,1,7,2,1,0,0,1,6,14,2,0,0,0,2,1,0,0,0,2,1,0,1,2,0,2,0,1,0,0,0,1,1
79,0,0,0,200,79,158.0,0.0,6,14,2,3,0,0,2,12,23,1,0,0,0,2,2,0,0,0,4,2,0,0,2,0,7,0,1,0,0,0,2,2
80,0,0,2,200,82,128.0,2.43902439024,2,18,4,3,0,0,1,17,32,0,0,0,1,3,5,2,4,3,2,1,0,0,0,0,1,1,0,1,0,0,8,1
54,0,0,0,200,54,108.0,0.0,6,14,3,4,0,0,1,13,35,1,0,5,1,0,8,1,0,1,1,7,0,0,0,0,0,0,0,9,1,1,0,0
41,0,0,47,200,88,-670.0,53.4090909091,11,47,2,15,0,0,4,43,52,8,0,0,4,0,2,4,0,4,1,16,0,0,0,0,0,0,0,12,1,1,0,0
0,37,44,0,200,81,-1371.0,54.3209876543,5,35,2,14,0,0,1,34,36,5,0,0,1,0,2,1,0,4,1,15,0,0,0,0,0,0,0,6,1,1,0,0
0,40,40,0,200,80,-1240.0,50.0,0,24,4,4,0,0,1,23,37,0,0,0,1,0,4,2,4,6,3,1,0,0,0,0,3,1,0,0,0,0,12,1
58,0,0,4,200,62,52.0,6.45161290323,8,52,2,13,0,1,9,42,54,0,0,0,1,0,9,10,2,4,1,1,0,8,0,0,0,1,0,0,0,0,14,4
49,0,0,6,200,55,2.0,10.9090909091,3,32,3,12,0,0,4,28,35,4,1,1,13,6,0,2,1,1,1,0,1,0,0,1,0,0,0,0,0,0,4,0
0,33,38,0,200,71,-1183.0,53.5211267606,2,20,2,6,0,1,3,16,25,1,0,0,4,0,2,1,2,1,1,7,2,0,0,0,0,0,0,3,1,1,0,0
0,33,42,0,200,75,-1311.0,56.0,2,11,2,4,0,0,2,9,17,1,0,0,2,0,2,1,0,1,1,5,0,0,0,0,0,0,0,3,1,1,0,0
0,6,51,0,200,57,-1626.0,89.4736842105,2,27,2,4,0,1,2,24,26,1,0,0,3,0,2,1,0,1,1,5,8,0,0,0,0,0,0,3,1,1,0,0
0,9,42,0,200,51,-1335.0,82.3529411765,2,27,2,4,0,1,2,24,26,1,0,0,0,2,1,0,8,0,5,3,0,0,1,0,3,0,1,0,0,0,1,1
60,0,0,14,200,74,-104.0,18.9189189189,0,4,1,2,0,0,1,3,4,0,0,0,0,0,0,0,0,0,0,0,0,0,2,0,0,0,0,0,1,1,0,0
98,0,0,2,200,100,164.0,2.0,0,24,4,2,0,0,1,23,32,0,0,0,1,0,4,2,4,6,3,1,0,0,0,0,0,1,0,0,0,0,10,1
80,0,0,2,200,82,128.0,2.43902439024,2,16,4,3,0,0,1,15,31,0,0,0,1,2,5,2,4,3,2,1,0,0,0,0,1,1,0,1,0,0,8,1
97,0,0,2,200,99,162.0,2.0202020202,1,18,4,3,0,0,1,17,30,0,0,0,1,1,4,2,4,3,3,1,0,0,0,0,1,2,0,1,0,0,8,1
0,33,48,0,200,81,-1503.0,59.2592592593,3,14,4,4,0,0,2,12,34,0,0,0,1,0,10,2,5,2,3,1,0,0,0,0,2,3,0,0,0,0,7,1
0,6,35,0,200,41,-1114.0,85.3658536585,4,21,2,4,1,0,1,20,23,1,0,0,1,2,1,0,0,1,5,1,2,0,2,0,5,0,1,0,0,0,1,3
35,0,0,6,200,41,-26.0,14.6341463415,15,54,2,13,1,1,5,48,61,3,0,0,2,2,0,0,7,3,1,0,2,1,16,5,0,0,6,14,0,1,1,0
93,0,0,2,200,95,154.0,2.10526315789,0,26,4,2,0,0,1,25,35,0,0,0,2,0,4,2,4,7,2,1,0,0,0,0,2,1,0,0,0,0,10,1
0,19,41,0,200,60,-1293.0,68.3333333333,0,26,4,1,0,0,0,26,32,0,0,4,3,1,1,0,0,0,3,13,0,0,0,0,1,0,2,7,0,0,0,0
0,10,45,0,200,55,-1430.0,81.8181818182,0,26,4,1,0,0,0,26,32,0,0,4,3,1,1,0,0,0,3,13,0,0,0,0,1,0,2,7,0,0,0,0
98,0,0,2,200,100,164.0,2.0,1,12,3,2,0,0,0,12,23,4,1,0,6,4,0,0,2,3,1,0,1,0,0,1,0,0,0,0,0,0,1,0
0,40,62,0,200,102,-1944.0,60.7843137255,1,7,2,1,0,0,1,6,14,2,0,0,0,2,1,0,0,0,2,1,0,1,2,0,2,0,1,0,0,0,1,1
102,0,0,0,200,102,204.0,0.0,1,9,2,2,0,0,1,8,14,1,0,0,0,2,1,0,0,0,3,1,0,1,2,0,2,0,1,0,0,0,1,1
0,40,62,0,200,102,-1944.0,60.7843137255,1,8,2,1,0,0,1,7,14,1,0,0,0,2,2,0,0,0,2,1,0,1,2,0,2,0,1,0,0,0,1,1
93,0,0,2,200,95,154.0,2.10526315789,0,29,4,2,0,0,1,28,35,0,0,0,1,0,4,2,4,6,3,1,0,0,0,0,3,1,0,0,0,0,10,1
0,40,43,0,200,83,-1336.0,51.8072289157,0,27,4,2,0,0,1,26,36,0,0,0,2,0,4,2,4,7,3,1,0,0,0,0,2,1,0,0,0,0,10,1
48,0,0,0,200,48,96.0,0.0,8,16,3,4,0,0,1,15,37,1,0,4,1,0,8,1,0,1,1,8,0,0,0,0,0,0,0,11,1,1,0,0
48,0,0,0,200,48,96.0,0.0,8,16,3,4,0,0,1,15,37,1,0,4,1,0,8,1,0,1,1,8,0,0,0,0,0,0,0,11,1,1,0,0
48,0,0,0,200,48,96.0,0.0,8,15,3,4,0,0,1,14,37,1,0,4,1,0,8,1,0,1,1,8,0,0,0,0,0,0,0,11,1,1,0,0
0,19,43,0,200,62,-1357.0,69.3548387097,0,26,4,1,0,0,0,26,32,0,0,4,3,1,1,0,0,0,3,13,0,0,0,0,1,0,2,7,0,0,0,0
0,10,39,0,200,49,-1238.0,79.5918367347,3,12,3,3,0,0,1,11,27,1,0,3,1,0,6,1,0,1,1,6,0,0,0,0,0,0,0,6,1,1,0,0
95,0,0,0,200,95,190.0,0.0,0,5,1,3,0,0,2,3,6,0,0,0,0,0,0,0,0,0,0,0,0,0,3,0,0,0,0,0,2,1,0,0
0,44,45,0,200,89,-1396.0,50.5617977528,0,3,1,2,0,0,1,2,4,0,0,0,0,0,0,0,0,0,0,0,0,0,2,0,0,0,0,0,1,1,0,0
72,0,0,2,200,74,112.0,2.7027027027,1,17,6,8,0,0,3,14,49,0,20,7,0,0,1,6,0,0,0,1,1,0,1,0,0,0,0,0,1,0,4,8
75,0,0,3,200,78,102.0,3.84615384615,0,19,4,3,0,0,1,18,29,0,0,0,1,1,3,2,4,3,2,1,0,0,0,0,2,1,0,1,0,0,8,1
0,36,43,0,200,79,-1340.0,54.4303797468,0,25,4,4,0,0,1,24,35,0,0,0,1,0,4,2,4,6,3,1,0,0,0,0,1,1,0,0,0,0,12,1
0,33,48,0,200,81,-1503.0,59.2592592593,1,26,4,3,0,0,1,25,37,0,0,0,1,0,5,2,5,6,2,1,0,0,0,0,3,1,0,0,0,0,11,1
0,32,43,0,200,75,-1344.0,57.3333333333,0,24,4,4,0,0,1,23,36,0,0,0,1,0,4,2,4,6,3,1,0,0,0,0,2,1,0,0,0,0,12,1
0,32,45,0,200,77,-1408.0,58.4415584416,0,18,6,4,0,0,1,17,39,0,11,9,0,0,1,7,0,0,0,1,2,2,1,0,0,0,0,0,1,0,3,2
48,0,0,32,200,80,-416.0,40.0,4,17,2,5,0,0,1,16,19,1,0,0,0,2,1,0,0,0,6,1,0,0,1,0,5,0,1,0,0,0,1,2
0,35,39,0,200,74,-1213.0,52.7027027027,0,39,4,3,0,0,1,38,45,0,0,0,1,2,4,2,4,6,3,1,0,0,0,0,9,1,1,0,0,0,11,1
43,0,0,6,200,49,-10.0,12.2448979592,0,26,4,1,0,0,0,26,32,0,0,4,3,1,1,0,0,0,3,13,0,0,0,0,1,0,2,7,0,0,0,0
44,0,0,6,200,50,-8.0,12.0,0,26,4,1,0,0,0,26,32,0,0,4,3,1,1,0,0,0,3,13,0,0,0,0,1,0,2,7,0,0,0,0
42,0,0,9,200,51,-60.0,17.6470588235,0,26,4,1,0,0,0,26,32,0,0,4,3,1,1,0,0,0,3,13,0,0,0,0,1,0,2,7,0,0,0,0
44,0,0,8,200,52,-40.0,15.3846153846,0,26,4,1,0,0,0,26,32,0,0,4,3,1,1,0,0,0,3,13,0,0,0,0,1,0,2,7,0,0,0,0
0,35,42,0,200,77,-1309.0,54.5454545455,2,9,2,3,0,0,1,8,15,1,0,0,0,2,1,0,0,0,4,1,0,0,1,0,3,0,1,0,0,0,1,1
40,0,0,6,200,46,-16.0,13.0434782609,0,26,4,1,0,0,0,26,32,0,0,4,3,1,1,0,0,0,3,13,0,0,0,0,1,0,2,7,0,0,0,0
0,42,46,0,200,88,-1430.0,52.2727272727,4,14,5,4,0,0,1,13,22,0,0,0,1,1,5,1,5,1,1,1,0,0,0,0,0,1,0,0,0,0,5,1
0,13,42,0,200,55,-1331.0,76.3636363636,0,26,4,1,0,0,0,26,32,0,0,4,3,1,1,0,0,0,3,13,0,0,0,0,1,0,2,7,0,0,0,0
0,18,43,0,200,61,-1358.0,70.4918032787,0,26,4,1,0,0,0,26,32,0,0,4,3,1,1,0,0,0,3,13,0,0,0,0,1,0,2,7,0,0,0,0
0,19,43,0,200,62,-1357.0,69.3548387097,0,26,4,1,0,0,0,26,32,0,0,4,3,1,1,0,0,0,3,13,0,0,0,0,1,0,2,7,0,0,0,0
78,0,0,0,200,78,156.0,0.0,1,19,3,2,0,0,0,19,45,5,0,2,5,0,4,5,0,2,1,8,0,0,0,0,0,0,0,12,1,1,0,0
0,13,44,0,200,57,-1395.0,77.1929824561,0,26,4,1,0,0,0,26,32,0,0,4,3,1,1,0,0,0,3,13,0,0,0,0,1,0,2,7,0,0,0,0
0,17,43,0,200,60,-1359.0,71.6666666667,0,26,4,1,0,0,0,26,32,0,0,4,3,1,1,0,0,0,3,13,0,0,0,0,1,0,2,7,0,0,0,0
0,19,44,0,200,63,-1389.0,69.8412698413,0,26,4,1,0,0,0,26,32,0,0,4,3,1,1,0,0,0,3,13,0,0,0,0,1,0,2,7,0,0,0,0
0,9,40,0,200,49,-1271.0,81.6326530612,0,26,4,1,0,0,0,26,32,0,0,4,3,1,1,0,0,0,3,13,0,0,0,0,1,0,2,7,0,0,0,0
0,13,44,0,200,57,-1395.0,77.1929824561,0,26,4,1,0,0,0,26,32,0,0,4,3,1,1,0,0,0,3,13,0,0,0,0,1,0,2,7,0,0,0,0
0,18,43,0,200,61,-1358.0,70.4918032787,0,26,4,1,0,0,0,26,32,0,0,4,3,1,1,0,0,0,3,13,0,0,0,0,1,0,2,7,0,0,0,0
78,0,0,2,200,80,124.0,2.5,2,18,6,3,0,0,1,17,40,0,10,10,0,0,1,9,0,0,0,1,1,2,1,0,0,0,0,0,1,0,3,2
84,0,0,2,200,86,136.0,2.32558139535,1,30,4,3,0,0,1,29,39,0,0,0,2,0,5,2,5,7,2,1,0,0,0,0,3,1,0,0,0,0,11,1
76,0,0,20,200,96,-168.0,20.8333333333,0,3,1,2,0,0,1,2,4,0,0,0,0,0,0,0,0,0,0,0,0,0,2,0,0,0,0,0,1,1,0,0
93,0,0,4,200,97,122.0,4.12371134021,0,27,4,2,0,0,1,26,37,0,0,0,2,0,4,2,4,8,3,1,0,0,0,0,2,1,0,0,0,0,10,1
100,0,0,0,200,100,200.0,0.0,0,5,1,3,0,0,2,3,6,0,0,0,0,0,0,0,0,0,0,0,0,0,3,0,0,0,0,0,2,1,0,0
0,46,44,0,200,90,-1362.0,48.8888888889,0,18,4,2,0,0,1,17,28,3,2,2,3,1,1,8,0,4,0,1,0,0,0,0,0,0,0,0,1,1,2,0
0,38,39,0,200,77,-1210.0,50.6493506494,0,28,4,3,0,0,1,27,39,0,0,0,2,0,4,2,4,8,3,1,0,0,0,0,3,1,0,0,0,0,11,1
79,0,0,0,200,79,158.0,0.0,2,16,2,2,0,0,1,15,21,2,0,0,0,2,2,0,0,0,3,1,4,0,1,0,3,1,1,0,0,0,1,1
59,0,0,26,200,85,-298.0,30.5882352941,1,8,2,1,1,0,1,7,19,1,0,0,0,3,1,3,0,0,2,1,0,2,3,0,2,0,1,0,0,0,2,1
0,18,50,0,200,68,-1582.0,73.5294117647,0,18,6,9,0,0,3,15,49,0,21,6,0,0,1,5,0,0,0,1,2,0,1,0,0,0,0,0,1,0,4,8
89,0,0,8,200,97,50.0,8.24742268041,6,24,2,6,0,0,3,21,35,9,0,0,3,0,2,3,0,2,1,7,0,0,0,0,0,1,0,7,1,1,0,0
82,0,0,0,200,82,164.0,0.0,8,17,2,3,0,2,2,13,31,1,0,0,2,2,2,0,1,1,4,4,0,0,2,0,9,0,1,0,0,0,2,2
0,33,38,0,200,71,-1183.0,53.5211267606,2,20,2,8,0,0,2,18,21,1,0,0,0,2,1,0,0,0,9,2,0,0,1,0,3,0,1,0,0,0,1,1
55,0,0,11,200,66,-66.0,16.6666666667,6,19,2,3,1,2,2,15,30,1,0,0,1,3,2,0,1,1,4,4,1,0,2,0,7,0,1,0,0,0,2,2
0,32,45,0,200,77,-1408.0,58.4415584416,3,20,2,5,0,0,1,19,18,1,0,0,0,2,1,0,0,0,6,1,0,0,1,0,4,0,1,0,0,0,1,2
94,0,0,2,200,96,156.0,2.08333333333,0,20,4,2,0,0,1,19,30,0,0,0,2,0,4,2,4,4,2,1,0,0,0,0,2,1,0,0,0,0,8,1
93,0,0,2,200,95,154.0,2.10526315789,0,27,4,2,0,0,1,26,34,0,0,0,1,0,4,2,4,6,3,1,0,0,0,0,2,1,0,0,0,0,10,1
92,0,0,2,200,94,152.0,2.12765957447,0,24,4,2,0,0,1,23,33,0,0,0,1,0,4,2,4,6,3,1,0,0,0,0,1,1,0,0,0,0,10,1
80,0,0,2,200,82,128.0,2.43902439024,2,16,4,3,0,0,1,15,31,0,0,0,1,2,5,2,4,3,2,1,0,0,0,0,1,1,0,1,0,0,8,1
75,0,0,0,200,75,150.0,0.0,20,55,2,10,0,0,9,46,86,1,0,0,0,3,9,0,0,0,11,9,1,0,1,0,21,15,1,5,0,0,9,1
0,26,60,0,200,86,-1894.0,69.7674418605,2,11,2,2,0,1,1,9,18,1,0,0,0,3,1,0,0,1,3,2,0,1,2,0,3,0,1,0,0,0,1,1
0,26,61,0,200,87,-1926.0,70.1149425287,1,10,2,2,0,1,1,8,16,1,0,0,0,2,1,0,1,0,3,2,0,1,2,0,2,0,1,0,0,0,1,1
0,26,60,0,200,86,-1894.0,69.7674418605,2,10,2,2,0,1,1,8,18,1,0,0,0,3,1,0,1,0,3,2,0,1,2,0,3,0,1,0,0,0,1,1
0,33,50,0,200,83,-1567.0,60.2409638554,1,9,2,2,0,0,2,7,16,1,0,0,0,2,1,0,0,0,3,2,0,1,2,1,2,0,1,0,0,0,1,1
94,0,0,0,200,94,188.0,0.0,1,9,2,2,0,0,2,7,16,1,0,0,0,2,1,0,0,0,3,2,0,1,2,1,2,0,1,0,0,0,1,1
0,38,50,0,200,88,-1562.0,56.8181818182,1,9,2,2,0,0,2,7,16,1,0,0,0,2,1,0,0,0,3,2,0,1,2,1,2,0,1,0,0,0,1,1
0,0,48,0,200,48,-1536.0,100.0,2,89,2,28,0,1,3,85,55,12,29,4,1,0,0,1,0,1,0,0,3,1,1,1,0,0,0,2,0,0,0,0
0,33,44,0,200,77,-1375.0,57.1428571429,2,25,4,4,0,0,1,24,43,0,0,0,1,0,6,2,6,6,3,1,0,0,0,0,5,1,0,0,0,0,12,1
58,0,0,2,200,60,84.0,3.33333333333,2,87,2,26,0,1,3,83,53,12,27,4,1,0,0,1,0,1,0,0,3,1,1,1,0,0,0,2,0,0,0,0
0,14,43,0,200,57,-1362.0,75.4385964912,0,26,4,1,0,0,0,26,32,0,0,4,3,1,1,0,0,0,3,13,0,0,0,0,1,0,2,7,0,0,0,0
0,10,45,0,200,55,-1430.0,81.8181818182,0,26,4,1,0,0,0,26,32,0,0,4,3,1,1,0,0,0,3,13,0,0,0,0,1,0,2,7,0,0,0,0
0,11,45,0,200,56,-1429.0,80.3571428571,0,26,4,1,0,0,0,26,32,0,0,4,3,1,1,0,0,0,3,13,0,0,0,0,1,0,2,7,0,0,0,0
80,0,0,3,200,83,112.0,3.61445783133,1,27,4,3,0,0,1,26,38,0,0,0,2,0,5,2,5,7,2,1,0,0,0,0,2,1,0,0,0,0,11,1
0,14,43,0,200,57,-1362.0,75.4385964912,0,26,4,1,0,0,0,26,32,0,0,4,3,1,1,0,0,0,3,13,0,0,0,0,1,0,2,7,0,0,0,0
0,7,40,0,200,47,-1273.0,85.1063829787,3,15,3,4,0,0,1,14,30,1,0,4,1,0,6,1,0,1,1,8,0,0,0,0,0,0,0,6,1,1,0,0
0,13,42,0,200,55,-1331.0,76.3636363636,0,26,4,1,0,0,0,26,32,0,0,4,3,1,1,0,0,0,3,13,0,0,0,0,1,0,2,7,0,0,0,0
0,20,41,0,200,61,-1292.0,67.2131147541,0,26,4,1,0,0,0,26,32,0,0,4,3,1,1,0,0,0,3,13,0,0,0,0,1,0,2,7,0,0,0,0
0,11,45,0,200,56,-1429.0,80.3571428571,0,26,4,1,0,0,0,26,32,0,0,4,3,1,1,0,0,0,3,13,0,0,0,0,1,0,2,7,0,0,0,0
70,0,0,0,200,70,140.0,0.0,156,368,2,77,1,8,77,283,593,1,0,0,7,2,77,0,8,70,78,85,2,0,2,0,157,16,1,10,0,0,77,3
0,32,46,0,200,78,-1440.0,58.9743589744,2,30,4,4,0,0,1,29,45,0,0,0,2,0,6,2,6,9,3,1,0,0,0,0,3,1,0,0,0,0,12,1
87,0,0,13,200,100,-34.0,13.0,2,11,2,4,0,0,3,8,18,1,0,0,0,2,1,0,0,0,5,3,0,0,1,0,3,0,1,0,0,0,1,1
0,34,48,0,200,82,-1502.0,58.5365853659,1,18,4,3,0,0,1,17,30,0,0,0,1,1,4,2,5,3,2,1,0,0,0,0,1,1,0,1,0,0,8,1
66,0,0,24,200,90,-252.0,26.6666666667,1,14,4,3,0,0,1,13,29,0,0,0,1,0,5,2,4,5,2,1,0,0,0,0,0,1,0,0,0,0,8,1
0,38,51,0,200,89,-1594.0,57.3033707865,2,13,3,4,0,0,3,10,26,2,0,0,4,0,3,4,0,2,1,6,0,0,0,0,0,3,0,3,1,1,0,0
75,0,0,9,200,84,6.0,10.7142857143,2,14,3,3,0,0,2,12,33,4,0,0,5,0,3,4,0,2,1,7,0,0,0,0,0,2,0,6,1,1,0,0
0,35,51,0,200,86,-1597.0,59.3023255814,4,15,2,3,0,0,3,12,25,1,0,0,0,2,4,0,0,0,4,3,0,2,2,0,5,0,1,0,0,0,3,1
0,32,46,0,200,78,-1440.0,58.9743589744,3,18,2,5,0,0,5,13,29,1,0,0,0,2,3,0,0,0,6,5,0,3,3,0,4,0,1,0,0,0,4,1
90,0,0,3,200,93,132.0,3.22580645161,1,15,2,4,0,0,2,13,20,3,0,0,2,0,2,2,0,2,1,5,0,0,0,0,0,2,0,2,1,1,0,0
92,0,0,3,200,95,136.0,3.15789473684,3,35,2,11,0,0,7,28,42,7,0,0,7,0,2,4,0,4,1,12,0,0,0,0,0,4,0,4,1,1,0,0
0,32,52,0,200,84,-1632.0,61.9047619048,2,12,2,3,0,0,3,9,21,1,0,0,0,2,2,0,0,0,4,3,0,2,2,0,3,0,1,0,0,0,3,1
0,32,52,0,200,84,-1632.0,61.9047619048,2,12,2,3,0,0,3,9,21,1,0,0,0,2,2,0,0,0,4,3,0,2,2,0,3,0,1,0,0,0,3,1
0,35,51,0,200,86,-1597.0,59.3023255814,4,26,2,8,0,0,8,18,39,1,0,0,0,2,4,0,0,0,9,8,0,4,4,0,5,0,1,0,0,0,5,1
98,0,0,0,200,98,196.0,0.0,8,20,2,4,0,0,4,16,34,1,0,0,0,2,4,0,0,0,5,4,3,0,1,0,9,0,1,0,0,0,4,1
75,0,0,2,200,77,118.0,2.5974025974,1,19,4,3,0,0,1,18,31,0,0,0,1,2,4,2,4,4,2,1,0,0,0,0,0,1,1,0,0,0,9,1
0,42,43,0,200,85,-1334.0,50.5882352941,2,10,2,2,2,0,1,9,14,1,0,0,0,1,1,0,0,0,3,1,1,0,1,0,3,0,1,0,0,0,1,2
90,0,0,2,200,92,148.0,2.17391304348,1,14,3,4,0,0,0,14,27,0,8,3,0,0,1,6,0,0,0,1,3,0,1,0,0,0,0,0,1,0,3,1
76,0,0,4,200,80,88.0,5.0,1,27,4,3,0,0,1,26,39,0,0,0,2,0,5,2,5,7,3,1,0,0,0,0,2,1,0,0,0,0,11,1
96,0,0,2,200,98,160.0,2.04081632653,0,24,4,2,0,0,1,23,32,0,0,0,1,0,4,2,4,6,3,1,0,0,0,0,0,1,0,0,0,0,10,1
0,35,45,0,200,80,-1405.0,56.25,1,27,4,3,0,0,1,26,41,0,0,0,1,0,5,2,5,6,3,1,0,0,0,0,6,1,0,0,0,0,11,1
0,0,53,0,200,53,-1696.0,100.0,4,14,3,4,0,0,1,13,30,1,0,4,1,0,6,1,0,1,1,7,0,0,0,0,0,0,0,7,1,1,0,0
0,18,35,0,200,53,-1102.0,66.0377358491,2,13,3,4,0,0,1,12,29,1,0,5,1,0,6,1,0,1,1,7,0,0,0,0,0,0,0,5,1,1,0,0
0,33,44,0,200,77,-1375.0,57.1428571429,0,30,4,3,0,0,1,29,38,0,0,0,2,0,4,2,4,8,2,1,0,0,0,0,3,1,0,0,0,0,11,1
0,37,41,0,200,78,-1275.0,52.5641025641,0,16,4,2,0,1,1,14,30,0,0,1,2,0,3,3,4,5,2,1,0,1,0,0,0,1,0,0,0,0,7,1
0,45,42,0,200,87,-1299.0,48.275862069,0,16,4,2,0,0,1,15,26,0,0,0,1,0,3,2,4,3,2,1,0,0,0,0,1,1,0,1,0,0,7,1
0,33,41,0,200,74,-1279.0,55.4054054054,0,30,4,4,0,0,1,29,41,0,0,0,2,0,4,2,4,8,3,1,0,0,0,0,4,1,0,0,0,0,12,1
0,14,42,0,200,56,-1330.0,75.0,0,26,4,1,0,0,0,26,32,0,0,4,3,1,1,0,0,0,3,13,0,0,0,0,1,0,2,7,0,0,0,0
92,0,0,2,200,94,152.0,2.12765957447,0,26,4,2,0,0,1,25,33,0,0,0,1,0,4,2,4,6,3,1,0,0,0,0,1,1,0,0,0,0,10,1
0,14,45,0,200,59,-1426.0,76.2711864407,0,26,4,1,0,0,0,26,32,0,0,4,3,1,1,0,0,0,3,13,0,0,0,0,1,0,2,7,0,0,0,0
41,0,0,13,200,54,-126.0,24.0740740741,24,79,2,24,0,0,12,67,91,0,0,0,1,0,25,12,2,12,1,1,0,0,0,0,0,1,0,0,0,0,25,12
0,33,41,0,200,74,-1279.0,55.4054054054,2,12,2,3,0,0,1,11,15,1,0,0,0,2,1,0,0,0,4,1,0,0,1,0,3,0,1,0,0,0,1,1
0,33,41,0,200,74,-1279.0,55.4054054054,2,11,2,3,0,0,1,10,15,1,0,0,0,2,1,0,0,0,4,1,0,0,1,0,3,0,1,0,0,0,1,1
0,31,43,0,200,74,-1345.0,58.1081081081,2,11,2,3,0,0,1,10,15,1,0,0,0,2,1,0,0,0,4,1,0,0,1,0,3,0,1,0,0,0,1,1
0,33,43,0,200,76,-1343.0,56.5789473684,2,12,2,3,0,0,1,11,15,1,0,0,0,2,1,0,0,0,4,1,0,0,1,0,3,0,1,0,0,0,1,1
92,0,0,0,200,92,184.0,0.0,1,15,4,3,0,0,1,14,24,4,0,1,2,1,0,8,2,1,0,4,0,0,1,0,0,0,0,0,0,0,1,0
0,32,43,0,200,75,-1344.0,57.3333333333,0,19,4,3,0,0,1,18,29,0,0,0,1,1,3,2,4,4,2,1,0,0,0,0,0,1,1,0,0,0,9,1
75,0,0,0,200,75,150.0,0.0,10,37,2,4,2,2,4,31,50,1,0,0,3,2,4,0,1,6,5,6,3,0,3,0,11,0,1,0,0,0,4,4
0,33,42,0,200,75,-1311.0,56.0,0,28,4,4,0,0,1,27,42,0,0,0,1,0,5,3,4,7,3,1,0,0,0,0,3,1,0,0,0,0,13,2
78,0,0,3,200,81,108.0,3.7037037037,1,27,4,3,0,0,1,26,39,0,0,0,1,0,5,2,5,6,3,1,0,0,0,0,4,1,0,0,0,0,11,1
43,0,0,34,200,77,-458.0,44.1558441558,20,62,2,20,0,0,11,51,83,2,10,0,21,21,0,0,6,10,1,0,1,0,0,1,0,0,0,0,0,0,11,0
0,38,45,0,200,83,-1402.0,54.2168674699,2,12,2,4,0,0,1,11,17,1,0,0,0,2,1,0,0,0,5,1,0,0,2,0,3,0,1,0,0,0,1,1
0,38,45,0,200,83,-1402.0,54.2168674699,2,13,2,4,0,0,1,12,17,1,0,0,0,2,1,0,0,0,5,1,0,0,2,0,3,0,1,0,0,0,1,1
0,37,46,0,200,83,-1435.0,55.421686747,2,14,2,5,0,0,2,12,18,1,0,0,2,0,2,1,0,1,1,6,0,0,0,0,0,0,0,3,1,1,0,0
0,39,47,0,200,86,-1465.0,54.6511627907,2,9,2,3,0,0,2,7,17,1,0,0,2,0,2,1,0,2,1,4,0,0,0,0,0,0,0,3,1,1,0,0
46,0,0,3,200,49,44.0,6.12244897959,4,14,3,3,0,0,1,13,30,1,0,4,1,0,7,1,0,1,1,6,0,0,0,0,0,0,0,7,1,1,0,0
92,0,0,0,200,92,184.0,0.0,22,48,3,17,0,0,16,32,87,11,0,0,17,0,3,11,0,1,1,19,0,0,0,0,0,0,0,23,1,1,0,0
0,30,48,0,200,78,-1506.0,61.5384615385,3,9,2,2,0,0,1,8,15,2,1,0,3,4,0,0,1,1,1,0,1,0,0,1,0,0,0,0,0,0,1,0
0,34,49,0,200,83,-1534.0,59.0361445783,3,8,2,2,0,0,1,7,15,1,0,0,0,2,1,0,0,0,3,1,0,0,1,0,4,0,1,0,0,0,1,1
77,0,0,0,200,77,154.0,0.0,6,13,2,3,0,0,2,11,22,2,2,0,4,7,0,0,1,2,1,0,1,0,0,1,0,0,0,0,0,0,2,0
48,0,0,0,200,48,96.0,0.0,8,15,3,5,0,0,1,14,36,1,0,2,1,0,8,1,0,1,1,8,0,0,1,0,0,0,0,11,1,1,0,0
102,0,0,0,200,102,204.0,0.0,1,11,3,2,0,0,0,11,20,1,0,2,1,0,4,1,0,1,1,4,0,0,0,0,0,0,0,4,1,1,0,0
80,0,0,0,200,80,160.0,0.0,3,9,2,2,0,0,1,8,15,2,1,0,3,4,0,0,1,1,1,0,1,0,0,1,0,0,0,0,0,0,1,0
0,42,45,0,200,87,-1398.0,51.724137931,0,5,1,3,0,0,2,3,6,0,0,0,0,0,0,0,0,0,0,0,0,0,3,0,0,0,0,0,2,1,0,0
0,30,38,0,200,68,-1186.0,55.8823529412,3,23,2,9,1,0,1,22,24,1,0,10,1,2,0,0,0,2,0,0,2,0,0,0,1,1,0,0,4,0,1,0
39,0,0,29,200,68,-386.0,42.6470588235,3,22,2,8,1,0,1,21,23,0,0,1,2,0,1,0,4,0,2,0,2,0,0,0,9,0,0,1,0,1,0,1
0,32,39,0,200,71,-1216.0,54.9295774648,0,4,1,2,0,0,1,3,4,0,0,0,0,0,0,0,0,0,0,0,0,0,2,0,0,0,0,0,1,1,0,0
0,29,44,0,200,73,-1379.0,60.2739726027,2,11,2,4,0,0,1,10,16,1,0,0,0,2,1,0,0,0,5,1,0,0,1,0,3,0,1,0,0,0,1,1
0,35,45,0,200,80,-1405.0,56.25,2,10,2,3,0,0,1,9,15,1,0,0,0,2,1,0,0,0,4,1,0,0,1,0,3,0,1,0,0,0,1,1
75,0,0,26,200,101,-266.0,25.7425742574,6,19,2,4,0,0,4,15,30,1,0,0,0,2,6,0,0,0,5,4,0,0,1,0,7,0,1,0,0,0,3,1
101,0,0,0,200,101,202.0,0.0,0,2,2,1,0,0,0,2,4,2,0,0,0,0,0,0,0,1,0,0,0,0,0,0,0,0,0,0,1,0,0,0
77,0,0,3,200,80,106.0,3.75,1,30,4,3,0,0,1,29,41,0,0,0,2,0,5,2,5,9,2,1,0,0,0,0,3,1,0,0,0,0,11,1
0,33,40,0,200,73,-1247.0,54.7945205479,0,27,4,4,0,0,1,26,38,0,0,0,1,0,4,2,4,6,3,1,0,0,0,0,4,1,0,0,0,0,12,1
0,11,36,0,200,47,-1141.0,76.5957446809,3,12,3,3,0,0,1,11,23,1,0,2,1,0,4,1,0,1,1,6,0,0,0,0,0,0,0,5,1,1,0,0
0,40,46,0,200,86,-1432.0,53.488372093,0,26,4,2,0,0,1,25,35,0,0,0,2,0,4,2,4,7,2,1,0,0,0,0,2,1,0,0,0,0,10,1
0,6,39,0,200,45,-1242.0,86.6666666667,3,64,2,17,1,3,1,60,44,6,0,1,0,0,3,4,18,1,2,2,0,0,1,0,0,0,4,1,3,1,0,0
35,0,0,17,200,52,-202.0,32.6923076923,3,61,2,15,1,3,1,57,41,1,0,0,2,1,0,1,0,4,1,3,0,0,16,0,3,6,2,4,0,0,0,0
34,0,0,6,200,40,-28.0,15.0,13,96,2,25,1,3,6,87,80,6,4,0,2,1,0,1,0,14,1,3,0,0,26,0,3,11,2,9,0,0,0,0
92,0,0,2,200,94,152.0,2.12765957447,0,25,4,2,0,0,1,24,33,0,0,0,1,0,4,2,4,6,3,1,0,0,0,0,1,1,0,0,0,0,10,1
0,34,44,0,200,78,-1374.0,56.4102564103,0,17,3,2,0,0,0,17,25,3,1,0,7,2,1,0,3,4,1,0,1,1,0,1,0,0,0,0,0,0,1,0
0,37,43,0,200,80,-1339.0,53.75,0,14,3,2,0,0,0,14,22,0,6,3,0,0,1,4,0,0,0,1,2,0,1,0,0,0,0,0,1,0,3,1
76,0,0,20,200,96,-168.0,20.8333333333,2,9,2,1,0,1,1,7,15,1,0,0,0,2,1,0,0,1,2,2,0,0,1,0,3,0,1,0,0,0,1,1
0,25,41,0,200,66,-1287.0,62.1212121212,0,9,1,4,0,0,2,7,11,1,0,0,0,0,0,0,3,0,0,0,0,0,4,0,0,0,0,0,2,1,0,0
0,33,40,0,200,73,-1247.0,54.7945205479,0,27,4,4,0,0,1,26,36,0,0,0,1,0,4,2,4,6,3,1,0,0,0,0,2,1,0,0,0,0,12,1
89,0,0,3,200,92,130.0,3.26086956522,0,18,4,2,0,0,1,17,28,3,2,2,3,1,1,8,0,4,0,1,0,0,0,0,0,0,0,0,1,1,2,0
0,44,44,0,200,88,-1364.0,50.0,2,17,2,6,0,0,2,15,19,1,0,0,2,0,2,1,0,1,1,7,0,0,0,0,0,0,0,3,1,1,0,0
99,0,0,4,200,103,134.0,3.88349514563,1,14,5,4,0,0,0,14,29,0,0,3,4,0,0,5,0,0,0,3,2,0,0,1,0,3,0,1,0,9,0,1
0,30,44,0,200,74,-1378.0,59.4594594595,4,12,4,3,0,0,1,11,34,10,1,0,6,9,0,0,1,1,1,0,1,3,0,1,0,0,0,0,0,0,1,0
54,0,0,0,200,54,108.0,0.0,6,14,3,4,0,0,1,13,34,1,0,5,1,0,7,1,0,1,1,7,0,0,0,0,0,0,0,9,1,1,0,0
0,47,43,0,200,90,-1329.0,47.7777777778,0,18,4,2,0,0,1,17,27,0,0,0,1,1,3,2,4,3,2,1,0,0,0,0,1,1,0,1,0,0,7,1